Domain,Status,Attractiveness,Demand,Length,Sectors,Created,Expires,Registrar
one.porn,available,132,44%,3,"Business,General,Media,Technology",,,
brief.porn,available,124,19%,5,"Business,Education,General,Law",,,
complete.porn,available,120,21%,8,"Manufacturing,Retail,Technology",,,
wizard.porn,available,118,42%,6,"Entertainment,Media,Technology",,,
tenth.porn,available,116,7%,5,Mathematics,,,
flat.porn,resell,116,24%,4,"Construction,Real Estate",08/05/2015 07:30,08/05/2026 07:30,Key-Systems GmbH
equal.porn,available,116,19%,5,"Education,General,Law",,,
tonic.porn,available,114,22%,5,"Health and Fitness,Medicine,Science",,,
above.porn,available,112,22%,5,Business,,,
hotshot.porn,available,112,14%,7,"Business,Entertainment,Sports",,,
acute.porn,available,112,9%,5,"Mathematics,Medicine,Science",,,
abstract.porn,available,108,29%,8,"Arts,Humanities,Science",,,
abiding.porn,available,106,5%,7,"General,Religion",,,
teen.porn,available,104,14%,4,"Education,Entertainment,Healthcare",,,
expert.porn,available,104,26%,6,"Business,Education,Technology",,,
active.porn,available,104,27%,6,"Health and Fitness,Sports,Travel",,,
captive.porn,available,102,14%,7,"Entertainment,Hospitality,Technology",,,
extra.porn,available,102,26%,5,"Fashion,Retail,Technology",,,
eight.porn,available,102,23%,5,"General,Mathematics",,,
absent.porn,available,102,8%,6,"Business,Education,Technology",,,
crack.porn,available,100,20%,5,Sports,,,
sixth.porn,available,100,8%,5,Mathematics,,,
whiz.porn,available,100,12%,4,"Business,Education,Technology",,,
adjunct.porn,available,100,5%,7,Education,,,
remove.porn,available,100,13%,6,"Construction,Manufacturing,Technology",,,
abrupt.porn,available,100,3%,6,"Medicine,Science",,,
third.porn,available,100,16%,5,Mathematics,,,
eighth.porn,available,100,6%,6,Mathematics,,,
ninth.porn,available,100,9%,5,Mathematics,,,
genius.porn,available,98,46%,6,"Arts,Education,Technology",,,
whizz.porn,available,98,11%,5,"Business,Education,Technology",,,
actual.porn,available,96,22%,6,"Real Estate,Retail,Technology",,,
alamode.porn,available,96,12%,9,Fashion,,,
forgiving.porn,available,96,3%,9,"Healthcare,Religion",,,
doable.porn,available,96,9%,6,"Business,Education,Technology",,,
academic.porn,available,96,20%,8,"Education,Humanities,Science",,,
virtuoso.porn,available,94,16%,8,"Arts,Entertainment",,,
abject.porn,available,94,7%,6,Humanities,,,
about.porn,available,94,28%,5,"Business,General,Media,Technology",,,
adequate.porn,available,94,9%,8,"Education,Healthcare,Technology",,,
neutral.porn,available,92,20%,7,"Business,Media,Politics",,,
derelict.porn,available,92,7%,8,"Construction,Real Estate",,,
adept.porn,available,92,24%,5,"Education,Health and Fitness,Sports",,,
next.porn,available,92,43%,4,"Retail,Technology,Transportation",,,
twentieth.porn,available,92,3%,9,Mathematics,,,
abroad.porn,available,92,12%,6,"Hospitality,Travel",,,
exemplary.porn,available,92,5%,9,"Business,Education,Healthcare",,,
adjective.porn,available,92,5%,9,Education,,,
nought.porn,available,92,4%,6,Mathematics,,,
clear.porn,available,90,47%,5,"Manufacturing,Retail,Technology",,,
additional.porn,available,90,8%,10,"Fashion,Retail,Technology",,,
endearing.porn,available,90,1%,9,"Entertainment,Fashion,Retail",,,
gripping.porn,available,90,3%,8,"Entertainment,Media,Technology",,,
abortive.porn,available,90,1%,8,"Medicine,Science",,,
leash.porn,available,90,7%,5,"General,Health and Fitness,Retail",,,
addictive.porn,available,90,9%,9,Healthcare,,,
riveting.porn,available,90,6%,8,"Entertainment,Media,Technology",,,
adoring.porn,available,90,2%,7,"Entertainment,Fashion,Retail",,,
actionable.porn,available,88,13%,10,"Business,Law",,,
ace.porn,available,88,34%,3,Sports,,,
hundred.porn,available,88,14%,7,Mathematics,,,
three.porn,available,88,24%,5,Mathematics,,,
twelve.porn,available,88,18%,6,"General,Mathematics",,,
ten.porn,available,88,28%,3,"General,Mathematics",,,
proficient.porn,available,88,8%,10,"Education,Health and Fitness,Sports",,,
wide.porn,available,88,18%,4,"Business,Media,Technology",,,
sixteen.porn,available,88,11%,7,Mathematics,,,
adlib.porn,available,88,7%,6,Entertainment,,,
fifteen.porn,available,88,13%,7,Mathematics,,,
eleven.porn,available,88,33%,6,Mathematics,,,
activist.porn,available,88,12%,8,"Humanities,Politics",,,
attendant.porn,available,86,5%,9,"Healthcare,Hospitality,Transportation",,,
recondite.porn,available,86,4%,9,"Arts,Humanities,Science",,,
cipher.porn,available,86,29%,6,Mathematics,,,
xiv.porn,available,86,12%,3,Mathematics,,,
aboriginal.porn,available,86,10%,10,Humanities,,,
adolescent.porn,available,86,3%,10,"Education,Entertainment,Healthcare",,,
engrossing.porn,available,86,0%,10,"Entertainment,Media,Technology",,,
intent.porn,available,86,25%,6,"Business,Education,Technology",,,
extempore.porn,available,86,3%,9,Entertainment,,,
xix.porn,available,86,11%,3,Mathematics,,,
fourteen.porn,available,84,8%,8,Mathematics,,,
thousand.porn,available,84,8%,8,Mathematics,,,
sharp.porn,available,84,34%,5,"Arts,Fashion",,,
nineteen.porn,available,84,8%,8,Mathematics,,,
acting.porn,available,84,12%,6,Entertainment,,,
twentyone.porn,available,84,13%,10,Mathematics,,,
adjustable.porn,available,84,3%,10,"Manufacturing,Retail,Technology",,,
thirteen.porn,available,84,10%,8,Mathematics,,,
seventeen.porn,available,84,7%,9,Mathematics,,,
twentytwo.porn,available,84,11%,10,Mathematics,,,
grand.porn,available,84,25%,5,"Finance,General",,,
deviate.porn,available,84,12%,7,"Medicine,Science",,,
accessory.porn,available,84,8%,9,"Fashion,Retail,Technology",,,
decade.porn,available,82,10%,6,Mathematics,,,
abenaki.porn,available,82,2%,7,Geography,,,
altered.porn,available,82,9%,7,"Medicine,Science",,,
abroach.porn,available,82,1%,7,Food and Beverage,,,
impromptu.porn,available,82,16%,9,Entertainment,,,
abdominal.porn,available,82,1%,9,"Health and Fitness,Medicine",,,
abkhaz.porn,available,82,1%,6,Geography,,,
dozen.porn,available,82,10%,5,Mathematics,,,
fivesome.porn,available,82,1%,8,Sports,,,
enduring.porn,available,82,9%,8,"Health and Fitness,Religion",,,
cleansing.porn,available,82,3%,9,Health and Fitness,,,
absorbent.porn,available,82,3%,9,"Healthcare,Manufacturing,Retail",,,
first.porn,available,80,36%,5,"General,Mathematics",,,
nine.porn,available,80,24%,4,"General,Mathematics",,,
abundant.porn,available,80,19%,8,"Agriculture,Manufacturing,Retail",,,
absurd.porn,available,80,16%,6,"Arts,Entertainment,Media",,,
adoptable.porn,available,80,3%,9,"Education,Healthcare",,,
yard.porn,available,80,26%,4,"Construction,General",,,
sequent.porn,available,80,7%,7,"Healthcare,Insurance,Transportation",,,
dorsal.porn,available,80,6%,6,"Medicine,Science",,,
superstar.porn,available,80,18%,9,Entertainment,,,
two.porn,available,80,24%,3,Mathematics,,,
seventh.porn,available,80,10%,7,Mathematics,,,
able.porn,available,80,29%,4,"Business,Education,General,Technology",,,
trio.porn,available,80,21%,4,Entertainment,,,
capable.porn,available,80,12%,7,"Business,Education,Technology",,,
absorbable.porn,available,80,0%,10,"Healthcare,Pharmaceuticals,Science",,,
worshipful.porn,available,80,1%,10,"Education,Healthcare,Religion",,,
twenty.porn,available,80,12%,6,Mathematics,,,
wiz.porn,available,80,30%,3,"Business,Education,Technology",,,
forty.porn,available,80,9%,5,Mathematics,,,
absolute.porn,available,80,25%,8,"Engineering,Mathematics,Science",,,
acceptable.porn,available,78,5%,10,"Business,Hospitality,Retail",,,
twentysix.porn,available,78,8%,10,Mathematics,,,
adjacent.porn,available,78,9%,8,"Construction,Real Estate,Retail",,,
abkhazian.porn,available,78,1%,9,Geography,,,
accessible.porn,available,78,21%,10,"Healthcare,Retail,Technology",,,
recognised.porn,available,78,3%,10,"Business,Education,Technology",,,
accepted.porn,available,78,6%,8,"Business,Education,Technology",,,
adorable.porn,available,78,8%,8,"Entertainment,Fashion,Retail",,,
acceptant.porn,available,78,1%,9,"Education,Healthcare",,,
adrenal.porn,available,78,4%,7,"Education,Healthcare,Science",,,
honestly.porn,available,78,9%,8,"Business,Law",,,
recognized.porn,available,78,3%,10,"Business,Education,Technology",,,
accurate.porn,available,78,16%,8,"Engineering,Mathematics,Science",,,
abkhasian.porn,available,78,1%,9,Geography,,,
low.porn,available,78,20%,3,"Business,Finance",,,
dormant.porn,available,78,4%,7,"Medicine,Science",,,
absorptive.porn,available,78,1%,10,"Healthcare,Manufacturing,Retail",,,
athletic.porn,available,78,15%,8,"Health and Fitness,Sports",,,
sixtynine.porn,available,78,8%,10,Mathematics,,,
accidental.porn,available,78,11%,10,"Healthcare,Insurance,Transportation",,,
abounding.porn,available,78,2%,9,Agriculture,,,
fifteenth.porn,available,76,2%,9,Mathematics,,,
thirteenth.porn,available,76,4%,10,Mathematics,,,
obscene.porn,available,76,5%,7,"Entertainment,Media",,,
eighteen.porn,available,76,7%,8,Mathematics,,,
ancillary.porn,available,76,6%,9,"Healthcare,Manufacturing,Technology",,,
fourteenth.porn,available,76,1%,10,Mathematics,,,
firstrate.porn,available,76,6%,10,Business,,,
addable.porn,available,76,2%,7,"Engineering,Mathematics,Science",,,
diamond.porn,available,76,32%,7,Fashion,,,
nineteenth.porn,available,76,3%,10,Mathematics,,,
ventral.porn,available,76,3%,7,Science,,,
improvise.porn,available,76,4%,9,Entertainment,,,
incidental.porn,available,76,4%,10,"Healthcare,Insurance,Transportation",,,
resultant.porn,available,76,2%,9,"Healthcare,Insurance,Transportation",,,
ague.porn,available,76,2%,4,"Geography,Medicine,Science",,,
adaptable.porn,available,76,9%,9,"Business,Education,Technology",,,
abrasive.porn,available,76,6%,8,"Construction,Manufacturing",,,
threed.porn,available,76,7%,7,Technology,,,
adipose.porn,available,76,2%,7,"Healthcare,Science",,,
hundredth.porn,available,76,1%,9,Mathematics,,,
auxiliary.porn,available,76,7%,9,"Healthcare,Manufacturing,Technology",,,
thousandth.porn,available,76,1%,10,Mathematics,,,
energizing.porn,available,76,3%,10,"Food and Beverage,Health and Fitness,Travel",,,
acoustic.porn,available,76,14%,8,Science,,,
adherent.porn,available,76,4%,8,"Politics,Religion",,,
adhesive.porn,available,76,7%,8,"Construction,Manufacturing,Technology",,,
activated.porn,available,74,9%,9,"Healthcare,Manufacturing,Technology",,,
broad.porn,available,74,13%,5,"Entertainment,General,Media",,,
realizable.porn,available,74,1%,10,"Business,Education,Technology",,,
adamant.porn,available,74,14%,7,Religion,,,
adenoid.porn,available,74,1%,7,"Health and Fitness,Medicine,Science",,,
adrenergic.porn,available,74,1%,10,"Education,Healthcare,Science",,,
playing.porn,available,74,12%,7,Entertainment,,,
sensation.porn,available,74,7%,9,"Entertainment,Media,Sports",,,
accepting.porn,available,74,3%,9,"Education,Healthcare",,,
cleared.porn,available,74,7%,7,"Healthcare,Law,Transportation",,,
aberrant.porn,available,74,6%,8,"Medicine,Science",,,
skilful.porn,available,74,3%,7,"Education,Health and Fitness,Sports",,,
supra.porn,available,74,25%,5,"Medicine,Science",,,
admirable.porn,available,74,5%,9,"Business,Education,Healthcare",,,
adapted.porn,available,74,6%,7,"Healthcare,Manufacturing,Technology",,,
mavin.porn,available,74,7%,5,"Entertainment,Fashion,Technology",,,
achievable.porn,available,74,4%,10,"Business,Education,Technology",,,
manageable.porn,available,74,4%,10,"Business,Education,Technology",,,
abnormal.porn,available,74,16%,8,"Medicine,Science",,,
single.porn,available,74,19%,6,Sports,,,
acuate.porn,available,74,2%,6,"Engineering,Medicine,Science",,,
adiabatic.porn,available,72,3%,9,"Engineering,Science",,,
improvize.porn,available,72,1%,9,Entertainment,,,
adjunctive.porn,available,72,1%,10,"Healthcare,Manufacturing,Technology",,,
seventieth.porn,available,72,1%,10,Mathematics,,,
trinity.porn,available,72,18%,7,Religion,,,
engrossed.porn,available,72,1%,9,"Entertainment,Media,Technology",,,
ablaze.porn,available,72,6%,6,Entertainment,,,
accusative.porn,available,72,0%,10,"Humanities,Law",,,
eightieth.porn,available,72,1%,9,Mathematics,,,
absorbed.porn,available,72,2%,8,"Entertainment,Media,Technology",,,
adjectival.porn,available,72,1%,10,Education,,,
addicted.porn,available,72,9%,8,Healthcare,,,
liv.porn,available,72,27%,3,Mathematics,,,
abloom.porn,available,72,5%,6,Agriculture,,,
aching.porn,available,72,4%,6,Healthcare,,,
ternary.porn,available,72,7%,7,Mathematics,,,
deep.porn,available,72,41%,4,"Engineering,Mathematics,Science",,,
accustomed.porn,available,72,1%,10,"Business,Education,Humanities",,,
abreast.porn,available,72,2%,7,"Business,Technology",,,
adaptative.porn,available,72,1%,10,"Business,Education,Technology",,,
absolutist.porn,available,72,1%,10,"Humanities,Law,Politics",,,
adonic.porn,available,72,2%,6,"Arts,Education,Entertainment",,,
trey.porn,available,72,14%,4,Sports,,,
champion.porn,available,72,28%,8,"Entertainment,Health and Fitness,Sports",,,
sixtieth.porn,available,72,1%,8,Mathematics,,,
ninetieth.porn,available,72,1%,9,Mathematics,,,
lovely.porn,available,72,26%,6,"Entertainment,Fashion,Retail",,,
existent.porn,available,72,3%,8,"Mathematics,Science",,,
consequent.porn,available,70,3%,10,"Business,Education,General,Technology",,,
admired.porn,available,70,5%,7,"Business,Education,Healthcare",,,
acuminate.porn,available,70,1%,9,"Engineering,Medicine,Science",,,
offhand.porn,available,70,2%,7,Entertainment,,,
accumbent.porn,available,70,1%,9,"Healthcare,Medicine,Science",,,
skillful.porn,available,70,9%,8,"Education,Health and Fitness,Sports",,,
adored.porn,available,70,6%,6,"Entertainment,Fashion,Retail",,,
stillborn.porn,available,70,2%,9,"Medicine,Science",,,
absorbing.porn,available,70,3%,9,"Entertainment,Media,Technology",,,
unity.porn,available,70,40%,5,Mathematics,,,
adamantine.porn,available,70,4%,10,Religion,,,
practiced.porn,available,70,3%,9,"Education,Health and Fitness,Sports",,,
tiptop.porn,available,70,24%,6,Fashion,,,
abulic.porn,available,70,1%,6,Medicine,,,
lowdown.porn,available,70,6%,8,"Entertainment,Media",,,
recumbent.porn,available,70,2%,9,"Healthcare,Medicine,Science",,,
miserable.porn,available,70,4%,9,Humanities,,,
gymnastic.porn,available,70,3%,9,"Entertainment,Sports",,,
adjusted.porn,available,70,5%,8,"Manufacturing,Retail,Technology",,,
abradant.porn,available,70,1%,8,"Construction,Manufacturing",,,
fiftieth.porn,available,68,0%,8,Mathematics,,,
sevener.porn,available,68,1%,7,Mathematics,,,
abnaki.porn,available,68,1%,6,Geography,,,
octonary.porn,available,68,1%,8,Mathematics,,,
activating.porn,available,68,3%,10,"Healthcare,Manufacturing,Technology",,,
aroused.porn,available,68,3%,7,"Entertainment,Health and Fitness",,,
stygian.porn,available,68,5%,7,Humanities,,,
acerate.porn,available,68,1%,7,Science,,,
ennead.porn,available,68,5%,6,Mathematics,,,
scurvy.porn,available,68,3%,6,Humanities,,,
abducent.porn,available,68,0%,8,Medicine,,,
foursome.porn,available,68,4%,8,Sports,,,
ane.porn,available,68,12%,3,Mathematics,,,
abkhas.porn,available,68,0%,6,Geography,,,
thirtieth.porn,available,68,1%,9,Mathematics,,,
overseas.porn,available,68,12%,8,"Hospitality,Travel",,,
licensed.porn,available,68,5%,8,"Business,Healthcare,Insurance",,,
fortieth.porn,available,68,0%,8,Mathematics,,,
ablative.porn,available,68,3%,8,Science,,,
aberdonian.porn,available,68,1%,10,Geography,,,
achaian.porn,available,68,2%,7,Humanities,,,
aculeate.porn,available,68,1%,8,"Engineering,Medicine,Science",,,
threesome.porn,available,68,5%,9,Entertainment,,,
decorated.porn,available,68,3%,9,"Entertainment,Fashion,Retail",,,
achaean.porn,available,68,2%,7,Humanities,,,
disciple.porn,available,68,14%,8,"Education,Religion",,,
accredited.porn,available,68,9%,10,"Business,Education,Healthcare",,,
vindicated.porn,available,68,2%,10,"Humanities,Law,Politics",,,
licenced.porn,available,68,2%,8,"Business,Healthcare,Insurance",,,
septenary.porn,available,68,1%,9,Mathematics,,,
five.porn,resell,66,26%,4,Mathematics,08/05/2015 07:30,08/05/2026 07:30,Key-Systems GmbH
century.porn,available,66,17%,7,Education,,,
xiii.porn,available,66,9%,4,Mathematics,,,
tenner.porn,available,66,5%,6,Finance,,,
four.porn,resell,66,27%,4,Mathematics,08/05/2015 07:30,08/05/2026 07:30,Key-Systems GmbH
teenager.porn,available,66,4%,8,"Education,Entertainment,Healthcare",,,
maven.porn,available,66,30%,5,"Entertainment,Fashion,Technology",,,
clv.porn,available,66,10%,3,Mathematics,,,
according.porn,available,66,3%,9,"Business,Education,Technology",,,
modish.porn,available,66,5%,6,Fashion,,,
xvii.porn,available,66,5%,4,Mathematics,,,
latest.porn,available,66,18%,6,Technology,,,
adorned.porn,available,66,5%,7,"Entertainment,Fashion,Retail",,,
abstinent.porn,available,66,1%,9,"Health and Fitness,Religion",,,
xxv.porn,available,66,6%,3,Mathematics,,,
eighty.porn,available,66,6%,6,Mathematics,,,
xxvi.porn,available,66,3%,4,Mathematics,,,
xvi.porn,available,66,5%,3,Mathematics,,,
acervate.porn,available,66,1%,8,Science,,,
performing.porn,available,66,6%,10,Entertainment,,,
acappella.porn,available,66,6%,10,Entertainment,,,
xviii.porn,available,66,5%,5,Mathematics,,,
six.porn,available,66,26%,3,Mathematics,,,
adopted.porn,available,66,4%,7,"Education,Healthcare",,,
fifty.porn,available,66,12%,5,Mathematics,,,
xxii.porn,available,66,6%,4,Mathematics,,,
xii.porn,available,66,10%,3,Mathematics,,,
onec.porn,available,66,6%,5,Mathematics,,,
deuce.porn,available,66,9%,5,Sports,,,
acrobatic.porn,available,66,4%,9,"Entertainment,Sports",,,
exonerated.porn,available,66,2%,10,"Humanities,Law,Politics",,,
sextet.porn,available,66,1%,6,Entertainment,,,
ninety.porn,available,66,11%,6,Mathematics,,,
accessary.porn,available,66,1%,9,"Business,Law,Technology",,,
buzzing.porn,available,66,7%,7,"Entertainment,Media,Technology",,,
thirty.porn,available,66,8%,6,Mathematics,,,
rising.porn,available,64,18%,6,"Construction,Manufacturing,Real Estate",,,
ccc.porn,available,64,38%,3,Mathematics,,,
nondrinker.porn,available,64,1%,10,"Health and Fitness,Religion",,,
absolved.porn,available,64,1%,8,"Humanities,Law,Religion",,,
aflame.porn,available,64,3%,6,Entertainment,,,
scatty.porn,available,64,1%,6,"Arts,Entertainment,Media",,,
astringent.porn,available,64,1%,10,"Healthcare,Pharmaceuticals",,,
deviant.porn,available,64,12%,7,"Medicine,Science",,,
accordant.porn,available,64,3%,9,"Arts,Entertainment",,,
adagio.porn,available,64,14%,6,Entertainment,,,
acentric.porn,available,64,2%,8,Science,,,
exculpated.porn,available,62,1%,10,"Humanities,Law,Politics",,,
admissible.porn,available,62,1%,10,"Education,Healthcare,Law",,,
eighteenth.porn,available,62,1%,10,Mathematics,,,
adoptive.porn,available,62,1%,8,"Education,Healthcare",,,
roughly.porn,available,62,3%,7,"Business,Media,Technology",,,
quartet.porn,available,62,7%,7,"Arts,Entertainment",,,
activation.porn,available,62,16%,10,"Healthcare,Manufacturing,Technology",,,
cumulative.porn,available,62,2%,10,"Banking,Finance,Insurance",,,
accrued.porn,available,62,2%,7,"Banking,Finance,Insurance",,,
eleventh.porn,available,62,5%,8,Mathematics,,,
twodozen.porn,available,62,1%,9,Mathematics,,,
sixteenth.porn,available,62,1%,9,Mathematics,,,
pungent.porn,available,62,1%,7,Food and Beverage,,,
accusing.porn,available,62,1%,8,Law,,,
fortyfour.porn,available,62,6%,10,Mathematics,,,
nail.porn,available,62,16%,4,"Construction,Fashion,General,Retail",,,
activistic.porn,available,62,1%,10,"Humanities,Politics",,,
acidic.porn,available,62,5%,6,"Food and Beverage,Science",,,
playacting.porn,available,62,1%,10,Entertainment,,,
wrapped.porn,available,62,13%,7,"Fashion,Hospitality,Retail",,,
adjuvant.porn,available,62,5%,8,"Healthcare,Manufacturing,Technology",,,
aufait.porn,available,62,3%,7,"Fashion,Media",,,
longdozen.porn,available,62,2%,10,Mathematics,,,
aborigine.porn,available,62,1%,9,Humanities,,,
ensuant.porn,available,62,1%,7,"Healthcare,Insurance,Transportation",,,
troika.porn,available,62,8%,6,Politics,,,
abo.porn,available,62,15%,3,Science,,,
chiliad.porn,available,62,2%,7,Mathematics,,,
orso.porn,available,62,9%,5,"Business,Media,Technology",,,
thou.porn,available,60,7%,4,Mathematics,,,
cxxxv.porn,available,60,2%,5,Mathematics,,,
tertiary.porn,available,60,4%,8,Education,,,
cxxx.porn,available,60,4%,4,Mathematics,,,
adnate.porn,available,60,1%,6,"Agriculture,Manufacturing,Retail",,,
idolized.porn,available,60,3%,8,"Entertainment,Fashion,Retail",,,
cxx.porn,available,60,10%,3,Mathematics,,,
aboveboard.porn,available,60,5%,10,"Business,Law",,,
xcl.porn,available,60,5%,3,Mathematics,,,
idolised.porn,available,60,1%,8,"Entertainment,Fashion,Retail",,,
adnexal.porn,available,60,1%,7,"Agriculture,Manufacturing,Retail",,,
cxv.porn,available,60,4%,3,Mathematics,,,
acceptive.porn,available,60,1%,9,"Education,Healthcare",,,
cautionary.porn,available,60,1%,10,"Business,Education,Healthcare",,,
abstainer.porn,available,60,0%,9,"Health and Fitness,Religion",,,
cxlv.porn,available,60,2%,4,Mathematics,,,
clxv.porn,available,60,1%,4,Mathematics,,,
cxxv.porn,available,60,1%,4,Mathematics,,,
cxl.porn,available,60,7%,3,Mathematics,,,
clx.porn,available,60,10%,3,Mathematics,,,
octet.porn,available,60,12%,5,Arts,,,
paunchy.porn,available,60,0%,7,"Health and Fitness,Medicine",,,
eightysix.porn,available,60,7%,10,Mathematics,,,
sixty.porn,available,60,13%,5,Mathematics,,,
clxxv.porn,available,60,1%,5,Mathematics,,,
annexal.porn,available,60,1%,7,"Agriculture,Manufacturing,Retail",,,
abstemious.porn,available,60,0%,10,"Food and Beverage,Health and Fitness,Hospitality",,,
clxxx.porn,available,60,1%,5,Mathematics,,,
abashed.porn,available,60,1%,7,Humanities,,,
clxx.porn,available,60,3%,4,Mathematics,,,
tercet.porn,available,59,2%,6,"Arts,Entertainment,Media",,,
enwrapped.porn,available,58,0%,9,"Entertainment,Fashion,Media",,,
fifth.porn,available,58,12%,5,Mathematics,,,
actuarial.porn,available,58,8%,9,"Finance,Insurance,Mathematics",,,
adhoc.porn,available,58,24%,6,"Business,Engineering,Technology",,,
fourscore.porn,available,58,4%,9,Mathematics,,,
fourth.porn,available,58,13%,6,Mathematics,,,
twelfth.porn,available,58,2%,7,Mathematics,,,
abused.porn,available,58,5%,6,"Healthcare,Law",,,
sixtyone.porn,available,58,3%,9,Mathematics,,,
aucourant.porn,available,58,3%,10,"Fashion,Media",,,
abuzz.porn,available,58,5%,5,"Entertainment,Media,Technology",,,
acetic.porn,available,58,1%,6,"Food and Beverage,Science",,,
quintet.porn,available,58,8%,7,"Arts,Entertainment",,,
sextuplet.porn,available,58,1%,9,Healthcare,,,
sixer.porn,available,58,5%,5,Sports,,,
accoutred.porn,available,58,1%,9,"Fashion,Manufacturing,Retail",,,
abandoned.porn,available,58,10%,9,"Construction,Real Estate",,,
eighter.porn,available,58,2%,7,Mathematics,,,
hexad.porn,available,58,4%,5,Mathematics,,,
cypher.porn,available,58,29%,6,Mathematics,,,
octad.porn,available,58,5%,5,Mathematics,,,
linear.porn,available,58,22%,6,"Engineering,Mathematics,Science",,,
lxxviii.porn,available,58,1%,7,Mathematics,,,
justabout.porn,available,58,3%,10,"Business,Media,Technology",,,
tetrad.porn,available,58,5%,6,Mathematics,,,
heptad.porn,available,58,1%,6,Mathematics,,,
closeto.porn,available,58,3%,8,"Business,Media,Technology",,,
pentad.porn,available,58,2%,6,Mathematics,,,
abridged.porn,available,58,4%,8,Media,,,
centesimal.porn,available,58,1%,10,Mathematics,,,
offhanded.porn,available,58,1%,9,Entertainment,,,
adjustive.porn,available,58,1%,9,"Manufacturing,Retail,Technology",,,
adient.porn,available,58,4%,6,"Medicine,Science",,,
acyclic.porn,available,58,4%,7,"Engineering,Mathematics,Science",,,
super.porn,available,58,47%,5,Business,,,
ache.porn,available,58,7%,4,Healthcare,,,
lxxx.porn,available,58,2%,4,Mathematics,,,
alacarte.porn,available,58,11%,10,Food and Beverage,,,
addressed.porn,available,58,3%,9,"Business,Technology,Telecommunications",,,
niner.porn,available,58,5%,5,Mathematics,,,
accretive.porn,available,58,6%,9,"Banking,Finance,Insurance",,,
addible.porn,available,58,2%,7,"Engineering,Mathematics,Science",,,
accented.porn,available,58,3%,8,"Arts,Entertainment",,,
seven.porn,available,58,36%,5,Mathematics,,,
xliv.porn,available,56,2%,4,Mathematics,,,
admittable.porn,available,56,1%,10,"Education,Healthcare,Hospitality",,,
xlvii.porn,available,56,2%,5,Mathematics,,,
xlv.porn,available,56,6%,3,Mathematics,,,
xxiii.porn,available,56,5%,5,Mathematics,,,
fiftyfive.porn,available,56,7%,10,Mathematics,,,
admissive.porn,available,56,1%,9,"Education,Healthcare,Hospitality",,,
liii.porn,available,56,4%,4,Mathematics,,,
xxxv.porn,available,56,4%,4,Mathematics,,,
xlvi.porn,available,56,3%,4,Mathematics,,,
fiftyfour.porn,available,56,3%,10,Mathematics,,,
thirtytwo.porn,available,56,5%,10,Mathematics,,,
admittible.porn,available,56,1%,10,"Education,Healthcare,Hospitality",,,
xxiv.porn,available,56,5%,4,Mathematics,,,
fiftyone.porn,available,56,7%,9,Mathematics,,,
fiftysix.porn,available,56,4%,9,Mathematics,,,
xlviii.porn,available,56,1%,6,Mathematics,,,
maledict.porn,available,56,1%,8,Religion,,,
xxxviii.porn,available,56,1%,7,Mathematics,,,
xxviii.porn,available,56,1%,6,Mathematics,,,
halfdozen.porn,available,56,1%,10,Mathematics,,,
fortyone.porn,available,56,4%,9,Mathematics,,,
xliii.porn,available,56,1%,5,Mathematics,,,
fiftynine.porn,available,56,4%,10,Mathematics,,,
fiftytwo.porn,available,56,6%,9,Mathematics,,,
potbellied.porn,available,56,0%,10,"Health and Fitness,Medicine",,,
thirtyone.porn,available,56,5%,10,Mathematics,,,
xxxii.porn,available,56,1%,5,Mathematics,,,
abeyant.porn,available,56,1%,7,"Business,Law",,,
xxxiv.porn,available,56,1%,5,Mathematics,,,
fortynine.porn,available,56,3%,10,Mathematics,,,
xxix.porn,available,56,4%,4,Mathematics,,,
xxvii.porn,available,56,3%,5,Mathematics,,,
fortysix.porn,available,56,3%,9,Mathematics,,,
xxxvii.porn,available,56,2%,6,Mathematics,,,
fortytwo.porn,available,56,17%,9,Mathematics,,,
xli.porn,available,56,5%,3,Mathematics,,,
addled.porn,available,56,2%,6,Entertainment,,,
lii.porn,available,56,7%,3,Mathematics,,,
lviii.porn,available,56,1%,5,Mathematics,,,
appressed.porn,available,56,0%,9,"Agriculture,Manufacturing,Retail",,,
xxxvi.porn,available,56,1%,5,Mathematics,,,
aone.porn,available,56,15%,5,Food and Beverage,,,
terzetto.porn,available,56,3%,8,Arts,,,
xlii.porn,available,56,5%,4,Mathematics,,,
triad.porn,available,56,15%,5,Arts,,,
thirtysix.porn,available,56,5%,10,Mathematics,,,
lvi.porn,available,56,8%,3,Mathematics,,,
abdominous.porn,available,56,0%,10,"Health and Fitness,Medicine",,,
ilx.porn,available,56,5%,3,Mathematics,,,
xxxiii.porn,available,56,2%,6,Mathematics,,,
lvii.porn,available,56,1%,4,Mathematics,,,
accoutered.porn,available,56,0%,10,"Fashion,Manufacturing,Retail",,,
achromatic.porn,available,54,4%,10,Science,,,
fin.porn,available,54,30%,3,Finance,,,
aboral.porn,available,54,2%,6,Science,,,
adaxial.porn,available,54,2%,7,Science,,,
abasic.porn,available,54,1%,6,Science,,,
fortyfive.porn,available,54,4%,10,Mathematics,,,
deuceace.porn,available,54,2%,9,Sports,,,
scratchy.porn,available,54,3%,8,Fashion,,,
adjuratory.porn,available,54,0%,10,"Law,Politics,Religion",,,
iii.porn,available,54,24%,3,Mathematics,,,
admonitory.porn,available,54,0%,10,"Business,Education,Healthcare",,,
abducens.porn,available,54,1%,8,Medicine,,,
topnotch.porn,available,54,18%,8,Business,,,
threescore.porn,available,54,1%,10,Mathematics,,,
abatable.porn,available,54,1%,8,Law,,,
abatic.porn,available,54,1%,6,Science,,,
deserted.porn,available,54,3%,8,"Hospitality,Real Estate",,,
adductive.porn,available,54,0%,9,"Engineering,Mathematics,Science",,,
vii.porn,available,54,13%,3,Mathematics,,,
quadruplet.porn,available,54,1%,10,"Healthcare,Medicine,Science",,,
actuated.porn,available,54,2%,8,"Automotive,Manufacturing,Technology",,,
ternion.porn,available,54,3%,7,Mathematics,,,
sise.porn,available,54,5%,4,Mathematics,,,
twoscore.porn,available,54,2%,8,Mathematics,,,
adducting.porn,available,54,1%,9,"Engineering,Mathematics,Science",,,
monitory.porn,available,54,3%,8,"Business,Education,Healthcare",,,
quaternion.porn,available,54,6%,10,Mathematics,,,
abient.porn,available,54,1%,6,Science,,,
viii.porn,available,54,6%,4,Mathematics,,,
accentual.porn,available,54,3%,9,"Arts,Entertainment",,,
adpressed.porn,available,54,0%,9,"Agriculture,Manufacturing,Retail",,,
achy.porn,available,54,3%,4,Healthcare,,,
acoustical.porn,available,54,4%,10,Science,,,
adducent.porn,available,54,1%,8,"Engineering,Mathematics,Science",,,
quaternity.porn,available,54,4%,10,Mathematics,,,
quintuplet.porn,available,54,1%,10,"Healthcare,Medicine,Science",,,
abhorrent.porn,available,54,1%,9,Humanities,,,
abaxial.porn,available,54,1%,7,Science,,,
unnatural.porn,available,54,4%,9,"Medicine,Science",,,
accursed.porn,available,54,3%,8,"Entertainment,Media,Religion",,,
quatern.porn,available,54,2%,7,Mathematics,,,
sestet.porn,available,53,1%,6,Arts,,,
septet.porn,available,53,1%,6,General,,,
ixl.porn,available,52,9%,3,Mathematics,,,
xcii.porn,available,52,2%,4,Mathematics,,,
xci.porn,available,52,4%,3,Mathematics,,,
aboulic.porn,available,52,1%,7,Medicine,,,
lxiv.porn,available,52,3%,4,Mathematics,,,
lxxv.porn,available,52,1%,4,Mathematics,,,
xciv.porn,available,52,2%,4,Mathematics,,,
chagrined.porn,available,52,1%,9,Humanities,,,
xcvii.porn,available,52,1%,5,Mathematics,,,
lxxxiii.porn,available,52,1%,7,Mathematics,,,
sixtysix.porn,available,52,4%,9,Mathematics,,,
xcviii.porn,available,52,1%,6,Mathematics,,,
lxxxiv.porn,available,52,1%,6,Mathematics,,,
sixtyfive.porn,available,52,3%,10,Mathematics,,,
repugnant.porn,available,52,1%,9,Humanities,,,
lxii.porn,available,52,1%,4,Mathematics,,,
abstruse.porn,available,52,5%,8,"Humanities,Mathematics,Science",,,
lxxxv.porn,available,52,1%,5,Mathematics,,,
repulsive.porn,available,52,1%,9,Humanities,,,
odious.porn,available,52,2%,6,"Entertainment,Humanities",,,
decumbent.porn,available,52,1%,9,"Healthcare,Medicine,Science",,,
lxxvii.porn,available,52,2%,6,Mathematics,,,
xcv.porn,available,52,7%,3,Mathematics,,,
abominable.porn,available,52,2%,10,"Entertainment,Humanities",,,
detestable.porn,available,52,1%,10,Humanities,,,
lxxxii.porn,available,52,1%,6,Mathematics,,,
xcvi.porn,available,52,2%,4,Mathematics,,,
lxv.porn,available,52,5%,3,Mathematics,,,
uphill.porn,available,52,7%,6,"Sports,Transportation,Travel",,,
tierce.porn,available,52,3%,6,General,,,
ninetysix.porn,available,52,4%,10,Mathematics,,,
lxviii.porn,available,52,1%,6,Mathematics,,,
sixtyfour.porn,available,52,3%,10,Mathematics,,,
ablated.porn,available,52,1%,7,Science,,,
littlejoe.porn,available,52,2%,10,"Entertainment,Media",,,
lxi.porn,available,52,5%,3,Mathematics,,,
lxxxvi.porn,available,52,1%,6,Mathematics,,,
ninetyone.porn,available,52,5%,10,Mathematics,,,
ixc.porn,available,52,5%,3,Mathematics,,,
lxxiv.porn,available,52,1%,5,Mathematics,,,
lxvii.porn,available,52,1%,5,Mathematics,,,
abysmal.porn,available,52,4%,7,"Arts,Entertainment,Media",,,
abusive.porn,available,52,3%,7,"Healthcare,Law",,,
adenoidal.porn,available,52,1%,9,"Health and Fitness,Medicine,Science",,,
lxvi.porn,available,52,3%,4,Mathematics,,,
sixtytwo.porn,available,52,3%,9,Mathematics,,,
lxxi.porn,available,52,1%,4,Mathematics,,,
lxxxi.porn,available,52,1%,5,Mathematics,,,
eightytwo.porn,available,52,4%,10,Mathematics,,,
lxxxvii.porn,available,52,1%,7,Mathematics,,,
lxiii.porn,available,52,2%,5,Mathematics,,,
lxxii.porn,available,52,1%,5,Mathematics,,,
lxxiii.porn,available,52,1%,6,Mathematics,,,
eightyone.porn,available,52,3%,10,Mathematics,,,
ninetytwo.porn,available,52,4%,10,Mathematics,,,
xciii.porn,available,52,1%,5,Mathematics,,,
lxxvi.porn,available,52,1%,5,Mathematics,,,
acapnic.porn,available,50,0%,7,"Healthcare,Medicine,Science",,,
acquitted.porn,available,50,1%,9,Law,,,
acetous.porn,available,50,1%,7,Science,,,
acetose.porn,available,50,1%,7,Science,,,
adhominem.porn,available,50,2%,10,"Humanities,Law,Politics",,,
scummy.porn,available,50,1%,6,Humanities,,,
cinque.porn,available,50,7%,6,Mathematics,,,
acerb.porn,available,50,2%,5,Science,,,
lxx.porn,available,50,5%,3,Mathematics,,,
quint.porn,available,50,13%,5,"Arts,Entertainment",,,
acerose.porn,available,50,1%,7,Science,,,
abactinal.porn,available,50,0%,9,Science,,,
needlelike.porn,available,50,0%,10,"Engineering,Medicine,Science",,,
gillless.porn,available,50,0%,9,Science,,,
acapnotic.porn,available,50,0%,9,"Healthcare,Medicine,Science",,,
aculeated.porn,available,50,0%,9,"Engineering,Medicine,Science",,,
abbatial.porn,available,50,0%,8,Religion,,,
acaudal.porn,available,50,1%,7,"Agriculture,Science",,,
abomasal.porn,available,50,0%,8,Agriculture,,,
acerbic.porn,available,50,2%,7,"Arts,Humanities,Media",,,
abdicable.porn,available,50,0%,9,Law,,,
ogdoad.porn,available,50,1%,6,Mathematics,,,
adactylous.porn,available,50,0%,10,Science,,,
aborticide.porn,available,50,0%,10,Medicine,,,
vinegary.porn,available,50,1%,8,Food and Beverage,,,
triplet.porn,available,50,8%,7,Science,,,
abducting.porn,available,50,0%,9,Medicine,,,
abranchial.porn,available,50,0%,10,Science,,,
broached.porn,available,50,0%,8,Food and Beverage,,,
spinous.porn,available,50,1%,7,"Agriculture,Science",,,
trine.porn,available,50,11%,5,"General,Religion",,,
acellular.porn,available,50,1%,9,Science,,,
abyssal.porn,available,48,12%,7,"Arts,Entertainment,Media",,,
notguilty.porn,available,48,5%,10,Law,,,
lxxxviii.porn,available,48,1%,8,Mathematics,,,
abstracted.porn,available,48,5%,10,"Arts,Humanities,Science",,,
ilxxx.porn,available,48,1%,5,Mathematics,,,
apriori.porn,available,48,13%,8,Mathematics,,,
ilxx.porn,available,48,1%,4,Mathematics,,,
execrable.porn,available,48,0%,9,"Entertainment,Humanities",,,
acetonic.porn,available,46,1%,8,Science,,,
acheronian.porn,available,46,1%,10,Humanities,,,
theabsurd.porn,available,46,1%,10,"Arts,Entertainment,Media",,,
quaternary.porn,available,46,3%,10,Mathematics,,,
acanthotic.porn,available,46,0%,10,"Agriculture,Science",,,
achromous.porn,available,46,1%,9,Science,,,
stemless.porn,available,46,2%,8,"Agriculture,Science",,,
acapnial.porn,available,46,0%,8,"Healthcare,Medicine,Science",,,
acicular.porn,available,46,2%,8,Science,,,
acetabular.porn,available,46,1%,10,Science,,,
cotyloid.porn,available,46,1%,8,Science,,,
acarpelous.porn,available,46,0%,10,"Agriculture,Science",,,
achromic.porn,available,46,2%,8,Science,,,
acarpous.porn,available,46,0%,8,"Agriculture,Science",,,
achenial.porn,available,46,1%,8,Science,,,
acetylic.porn,available,46,1%,8,Science,,,
acanthoid.porn,available,46,1%,9,"Agriculture,Science",,,
vinegarish.porn,available,46,1%,10,Food and Beverage,,,
acetylenic.porn,available,46,1%,10,Science,,,
stripling.porn,available,46,2%,9,"Education,Entertainment,Healthcare",,,
acanthous.porn,available,46,0%,9,"Agriculture,Science",,,
acaudate.porn,available,46,1%,8,"Agriculture,Science",,,
acephalous.porn,available,46,1%,10,Science,,,
cotyloidal.porn,available,44,1%,10,Science,,,
accusatory.porn,available,44,1%,10,Law,,,
acherontic.porn,available,44,1%,10,Humanities,,,
abscessed.porn,available,41,0%,9,Healthcare,,,
phoebe.porn,available,41,14%,6,Science,,,
accurst.porn,available,40,1%,7,Religion,,,
accusive.porn,available,40,1%,8,Law,,,
scurrilous.porn,available,40,1%,10,"Entertainment,Media,Politics",,,